{
	"variables": [],
	"info": {
		"name": "Single Step Orchestration Demo Using Tag Map",
		"_postman_id": "728e03b3-a7c3-7ad5-9336-dec19405d487",
		"description": "",
		"schema": "https://schema.getpostman.com/json/collection/v2.0.0/collection.json"
	},
	"item": [
		{
			"name": "ValidationRequests",
			"description": "",
			"item": [
				{
					"name": "Retrieve All Orchestration Configurations",
					"request": {
						"url": "{{config_uri}}/api/v2/config/orchestrations",
						"method": "GET",
						"header": [
							{
								"key": "//Accept",
								"value": "application/octet-stream",
								"description": ""
							},
							{
								"key": "Authorization",
								"value": "Bearer {{token}}",
								"description": ""
							},
							{
								"key": "Predix-Zone-Id",
								"value": "{{runtime_tenant}}",
								"description": ""
							}
						],
						"body": {
							"mode": "formdata",
							"formdata": []
						},
						"description": ""
					},
					"response": []
				},
				{
					"name": "Get Artifact Metadata for an Orchestration Configuration",
					"request": {
						"url": "{{config_uri}}/api/v2/config/orchestrations/3bc1425d-373c-49d6-8c81-a9fabcbb8d7e/artifacts",
						"method": "GET",
						"header": [
							{
								"key": "Accept",
								"value": "application/json",
								"description": ""
							},
							{
								"key": "Content-Type",
								"value": "application/json",
								"description": ""
							},
							{
								"key": "Authorization",
								"value": "Bearer {{token}}",
								"description": ""
							},
							{
								"key": "Predix-Zone-Id",
								"value": "{{runtime_tenant}}",
								"description": ""
							}
						],
						"body": {
							"mode": "formdata",
							"formdata": []
						},
						"description": ""
					},
					"response": []
				},
				{
					"name": "Retrieve bpmn configuration artifact",
					"request": {
						"url": "{{config_uri}}/api/v2/config/orchestrations/artifacts/2000690a-6b06-4947-b10c-eed55adf75f4/file",
						"method": "GET",
						"header": [
							{
								"key": "Authorization",
								"value": "Bearer {{token}}",
								"description": ""
							},
							{
								"key": "Predix-Zone-Id",
								"value": "{{runtime_tenant}}",
								"description": ""
							}
						],
						"body": {
							"mode": "formdata",
							"formdata": []
						},
						"description": ""
					},
					"response": []
				},
				{
					"name": "Retrieve port-to-field-map configuration artifact",
					"request": {
						"url": "{{config_uri}}/api/v2/config/orchestrations/artifacts/694059be-3700-41bf-b4e7-fd86627d4d94/file",
						"method": "GET",
						"header": [
							{
								"key": "Authorization",
								"value": "Bearer {{token}}",
								"description": ""
							},
							{
								"key": "Predix-Zone-Id",
								"value": "{{runtime_tenant}}",
								"description": ""
							}
						],
						"body": {
							"mode": "formdata",
							"formdata": []
						},
						"description": ""
					},
					"response": []
				}
			]
		},
		{
			"name": "Workflow Validation",
			"request": {
				"url": "{{execution_uri}}/api/v2/execution/validation",
				"method": "POST",
				"header": [
					{
						"key": "Authorization",
						"value": "bearer {{token}}",
						"description": ""
					},
					{
						"key": "Predix-Zone-Id",
						"value": "{{runtime_tenant}",
						"description": ""
					},
					{
						"key": "Content-Type",
						"value": "multipart/form-data",
						"description": ""
					}
				],
				"body": {
					"mode": "formdata",
					"formdata": [
						{
							"key": "file",
							"type": "file",
							"enabled": true
						}
					]
				},
				"description": ""
			},
			"response": []
		},
		{
			"name": "Create Orchestration Configuration Entry",
			"request": {
				"url": "{{config_uri}}/api/v2/config/orchestrations",
				"method": "POST",
				"header": [
					{
						"key": "Authorization",
						"value": "bearer {{token}}",
						"description": ""
					},
					{
						"key": "Predix-Zone-Id",
						"value": "{{runtime_tenant}}",
						"description": ""
					},
					{
						"key": "Content-Type",
						"value": "application/json",
						"description": ""
					},
					{
						"key": "Accept",
						"value": "application/json",
						"description": ""
					}
				],
				"body": {
					"mode": "raw",
					"raw": "{\n\"name\": \"OrchestrationWithOneAnalytic\",\n\"author\": \"Predix Analytics team\",\n\"description\": \"This workflow demonstrates one orchestration step with timeseries adder analytic\"\n}"
				},
				"description": ""
			},
			"response": []
		},
		{
			"name": "Upload Orchestration Workflow File",
			"request": {
				"url": "{{config_uri}}/api/v2/config/orchestrations/artifacts",
				"method": "POST",
				"header": [
					{
						"key": "Authorization",
						"value": "bearer {{token}}",
						"description": ""
					},
					{
						"key": "Predix-Zone-Id",
						"value": "{{runtime_tenant}}",
						"description": ""
					},
					{
						"key": "Accept",
						"value": "application/json",
						"description": ""
					}
				],
				"body": {
					"mode": "formdata",
					"formdata": [
						{
							"key": "file",
							"type": "file",
							"enabled": true
						},
						{
							"key": "orchestrationEntryId",
							"value": "<orchestration entry id>",
							"type": "text",
							"enabled": true
						},
						{
							"key": "type",
							"value": "bpmn",
							"type": "text",
							"enabled": true
						},
						{
							"key": "name",
							"value": "orchestration workflow file",
							"type": "text",
							"enabled": true
						}
					]
				},
				"description": ""
			},
			"response": []
		},
		{
			"name": "Upload port-to-field Map For Orchestration Step",
			"request": {
				"url": "{{config_uri}}/api/v2/config/orchestrations/artifacts",
				"method": "POST",
				"header": [
					{
						"key": "Authorization",
						"value": "bearer {{token}}",
						"description": ""
					},
					{
						"key": "Predix-Zone-Id",
						"value": "{{runtime_tenant}}",
						"description": ""
					},
					{
						"key": "Accept",
						"value": "application/json",
						"description": ""
					}
				],
				"body": {
					"mode": "formdata",
					"formdata": [
						{
							"key": "file",
							"type": "file",
							"enabled": true
						},
						{
							"key": "orchestrationEntryId",
							"value": "<orchestration entry id>",
							"type": "text",
							"enabled": true
						},
						{
							"key": "type",
							"value": "portToFieldMap",
							"type": "text",
							"enabled": true
						},
						{
							"key": "name",
							"value": "demoTimeseriesAdder",
							"type": "text",
							"enabled": true
						}
					]
				},
				"description": ""
			},
			"response": []
		},
		{
			"name": "Run Single Step Orchestration Using Tag Map",
			"request": {
				"url": "{{execution_uri}}/api/v2/execution",
				"method": "POST",
				"header": [
					{
						"key": "Authorization",
						"value": "bearer {{token}}",
						"description": ""
					},
					{
						"key": "Predix-Zone-Id",
						"value": "{{runtime_tenant}}",
						"description": ""
					},
					{
						"key": "Accept",
						"value": "application/json",
						"description": ""
					},
					{
						"key": "Content-Type",
						"value": "application/json",
						"description": ""
					}
				],
				"body": {
					"mode": "raw",
					"raw": "{\n     \"orchestrationConfigurationId\": \"<orchestration entry id>\",\n     \"assetId\": null,\n     \"assetDataFieldsMap\": {\n         \"temperature sensor\": \"tag-A\",\n         \"vibration sensor\": \"tag-B\",\n         \"demo sum\": \"tag-C\"\n     },\n     \"assetGroup\": null\n }"
				},
				"description": ""
			},
			"response": []
		},
		{
			"name": "Request user token",
			"request": {
				"url": "{{uaa_uri}}/oauth/token",
				"method": "POST",
				"header": [
					{
						"key": "Accept",
						"value": "application/json, application/x-www-form-urlencoded",
						"description": ""
					},
					{
						"key": "Authorization",
						"value": "Basic {{uaa_authorization_id}}",
						"description": ""
					}
				],
				"body": {
					"mode": "urlencoded",
					"urlencoded": [
						{
							"key": "grant_type",
							"value": "password",
							"type": "text",
							"enabled": true
						},
						{
							"key": "username",
							"value": "{{userId}}",
							"type": "text",
							"enabled": true
						},
						{
							"key": "password",
							"value": "{{userPassword}}",
							"type": "text",
							"enabled": true
						},
						{
							"key": "response_type",
							"value": "token",
							"type": "text",
							"enabled": true
						},
						{
							"key": "client_id",
							"value": "{{uaa_client_id}}",
							"type": "text",
							"enabled": true
						}
					]
				},
				"description": ""
			},
			"response": []
		}
	]
}