{
  "messageId": "1453338376222",
  "body": [
    {
      "name": "tag-A",
      "datapoints": [
        [
          1453338376200,
          1,
          3
        ],
        [
          1453338376201,
          2,
          3
        ],
        [
          1453338376202,
          3,
          3
        ],
        [
          1453338376203,
          4,
          3
        ],
        [
          1453338376204,
          5,
          3
        ],
        [
          1453338376205,
          6,
          3
        ],
        [
          1453338376206,
          7,
          3
        ],
        [
          1453338376207,
          8,
          3
        ],
        [
          1453338376208,
          9,
          3
        ],
        [
          1453338376209,
          10,
          3
        ]
      ],
      "attributes": {
        "host": "server1",
        "customer": "Acme"
      }
    }
  ]
}