{
  "messageId": "1453338376222",
  "body": [
    {
      "name": "tag-B",
      "datapoints": [
        [
          1453338376200,
          10,
          3
        ],
        [
          1453338376201,
          20,
          3
        ],
        [
          1453338376202,
          30,
          3
        ],
        [
          1453338376203,
          40,
          3
        ],
        [
          1453338376204,
          50,
          3
        ],
        [
          1453338376205,
          60,
          3
        ],
        [
          1453338376206,
          70,
          3
        ],
        [
          1453338376207,
          80,
          3
        ],
        [
          1453338376208,
          90,
          3
        ],
        [
          1453338376209,
          100,
          3
        ]
      ],
      "attributes": {
        "host": "server1",
        "customer": "Acme"
      }
    }
  ]
}