{
    "analyticName": "demo-timeseries-adder",
    "analyticVersion": "V1",
    "orchestrationStepId": "demoTimeseriesAdder",
    "iterations": [
        {
            "inputMaps": [
                {
                    "valueSourceType": "DATA_CONNECTOR",
                    "fullyQualifiedPortName": "data.time_series.numberArray1",
                    "fieldId": "temperature sensor",
                    "queryCriteria": {"start": 0, "end": -1},
                    "dataSourceId": "PredixTimeSeries"
                },
                {
                    "valueSourceType": "DATA_CONNECTOR",
                    "fullyQualifiedPortName": "data.time_series.numberArray2",
                    "fieldId": "vibration sensor",
                    "queryCriteria": {"start": 0, "end": -1},
                    "dataSourceId": "PredixTimeSeries"
                }
            ],
            "outputMaps": [
                {
                    "fullyQualifiedPortName": "data.time_series.sum",
                    "fieldId": "demo sum",
                    "dataSourceId": "PredixTimeSeries"
                }
            ]
        }
    ]
}